{"1": [0.5805999999999999], "2": [0.10555307999999998, 0.3370963599999999], "3": [0.019601206955999994, 0.06259879405199997, 0.019601206955999994], "4": [0.019601206955999994, 0.06259879405199997, 0.011874991231664394, 0.003640257624376799], "5": [0.019601206955999994, 0.06259879405199997, 0.011874991231664394, 0.0006759958408467715, 0.0021588734059165863]}