{"1": [0.5805999999999999], "2": [0.3370963599999999, 0.10555307999999998], "3": [0.06394717949199998, 0.020023419275999994, 0.06394717949199998], "4": [0.06394717949199998, 0.020023419275999994, 0.06394717949199998, 0.011625597231645593]}