{"1": [0.10840000000000001], "2": [0.011750560000000002, 0.011750560000000002], "3": [0.0012737607040000003, 0.0012737607040000003, 0.0012737607040000003], "4": [0.0012737607040000003, 0.0012737607040000003, 0.00013807566031360006, 0.00013807566031360006], "5": [0.0012737607040000003, 0.0012737607040000003, 1.4967401577994247e-05, 1.4967401577994247e-05, 1.4967401577994247e-05], "6": [0.0012737607040000003, 0.0012737607040000003, 1.4967401577994247e-05, 1.4967401577994247e-05, 1.4967401577994247e-05, 1.6224663310545765e-06], "7": [0.0012737607040000003, 0.0012737607040000003, 1.4967401577994247e-05, 1.4967401577994247e-05, 1.4967401577994247e-05, 1.7587535028631612e-07, 1.7587535028631612e-07], "8": [0.0012737607040000003, 0.0012737607040000003, 1.4967401577994247e-05, 1.4967401577994247e-05, 1.4967401577994247e-05, 1.7587535028631612e-07, 1.9064887971036668e-08, 1.9064887971036668e-08], "9": [0.0012737607040000003, 0.0012737607040000003, 1.4967401577994247e-05, 1.4967401577994247e-05, 1.4967401577994247e-05, 1.7587535028631612e-07, 2.066633856060375e-09, 2.066633856060375e-09, 2.066633856060375e-09]}